{
    "id": "16-02-2024_19-40-59",
    "mean0": -0.0003240993487973476,
    "mean1": -0.00032409934879734756,
    "mean2": 67.64409563154811,
    "mean3": 156.53835029932748,
    "std0": 0.3465387045331929,
    "std1": 0.3465387045331929,
    "std2": 77.74662824648375,
    "std3": 77.98402519479953
}
