{
    "id": "01-02-2024_23-58-28",
    "mean0": -0.00039372326905753104,
    "mean1": -0.0003937232690575285,
    "mean2": 68.28038683237186,
    "mean3": 155.84667360789106,
    "std0": 0.24663769814753148,
    "std1": 0.2466376981475315,
    "std2": 54.762212165238644,
    "std3": 56.16139116616832
}